user_genome	assembly_accession	assembly_bio_project_accession	assembly_bio_sample_accession	country	env_label_manual_2
Polaromonas_sp._341R_metabat_60_GCA_025351605.1	GCA_025351605.1	PRJNA781406	SAMN30205773	Uganda	GFS
Polaromonas_sp._338R_metabat_72_GCA_025352405.1	GCA_025352405.1	PRJNA781406	SAMN30205640	Uganda	GFS
Polaromonas_sp._GL140_1_metabinner_90_sub_GCA_025358905.1	GCA_025358905.1	PRJNA781406	SAMN30205854	Uganda	GFS
Polaromonas_sp._341R_metabinner_59_sub_GCA_025359325.1	GCA_025359325.1	PRJNA781406	SAMN30205787	Uganda	GFS
Polaromonas_sp._GL140_2_metabinner_137_GCA_025359525.1	GCA_025359525.1	PRJNA781406	SAMN30205904	Uganda	GFS
Polaromonas_sp._GL140_3_metabinner_95_sub_GCA_025361825.1	GCA_025361825.1	PRJNA781406	SAMN30205984	Uganda	GFS
Polaromonas_sp._341R_metabinner_37_GCA_025362315.1	GCA_025362315.1	PRJNA781406	SAMN30205784	Uganda	GFS
Polaromonas_sp._338R_metabinner_90_sub_GCA_025362825.1	GCA_025362825.1	PRJNA781406	SAMN30205664	Uganda	GFS
Polaromonas_sp._338R_metabinner_111_GCA_025363125.1	GCA_025363125.1	PRJNA781406	SAMN30205645	Uganda	GFS
Polaromonas_sp._337R_metabinner_20_sub_GCA_025363315.1	GCA_025363315.1	PRJNA781406	SAMN30205606	Uganda	GFS
Polaromonas_sp._OTE_1_metabat_360_sub_GCA_031360275.1	GCA_031360275.1	PRJNA808857	SAMN29838033	Switzerland	GFS
Polaromonas_sp._OTE_1_metabat_241_GCA_031360565.1	GCA_031360565.1	PRJNA808857	SAMN29838018	Switzerland	GFS
Polaromonas_sp._OTE_21_metabat_256_GCA_031363755.1	GCA_031363755.1	PRJNA808857	SAMN29838197	Switzerland	GFS
Polaromonas_sp._OTE_21_concoct_200_GCA_031364265.1	GCA_031364265.1	PRJNA808857	SAMN29838170	Switzerland	GFS
Polaromonas_sp._OTE_14_metabat.245_GCA_031365795.1	GCA_031365795.1	PRJNA808857	SAMN29838099	Switzerland	GFS
Polaromonas_sp._OTE_14_metabat.17_GCA_031365885.1	GCA_031365885.1	PRJNA808857	SAMN29838094	Switzerland	GFS
Polaromonas_sp._OTE_51_metabat_360_GCA_031370115.1	GCA_031370115.1	PRJNA808857	SAMN29838410	Switzerland	GFS
Polaromonas_sp._OTE_70_metabat_118_sub_GCA_031375685.1	GCA_031375685.1	PRJNA808857	SAMN29838610	Switzerland	GFS
Polaromonas_sp._OTE_70_concoct_231_GCA_031375865.1	GCA_031375865.1	PRJNA808857	SAMN29838600	Switzerland	GFS
Polaromonas_sp._OTE_78_metabat_161_GCA_031386705.1	GCA_031386705.1	PRJNA808857	SAMN29838842	Switzerland	GFS
Polaromonas_sp._OTE_78_metabat_150_GCA_031386895.1	GCA_031386895.1	PRJNA808857	SAMN29838838	Switzerland	GFS
Polaromonas_sp._SOY_38_metabat_66_GCA_031396485.1	GCA_031396485.1	PRJNA808857	SAMN29839437	Switzerland	GFS
Polaromonas_sp._VAR_34_metabat_240_GCA_031409395.1	GCA_031409395.1	PRJNA808857	SAMN29839875	Switzerland	GFS
Polaromonas_sp._VAR_25_metabat_291_GCA_031410335.1	GCA_031410335.1	PRJNA808857	SAMN29839829	Switzerland	GFS
Polaromonas_sp._VAR_18_metabat_307_GCA_031411155.1	GCA_031411155.1	PRJNA808857	SAMN29839791	Switzerland	GFS
Polaromonas_sp._VAR_17_metabat_362_GCA_031412235.1	GCA_031412235.1	PRJNA808857	SAMN29839735	Switzerland	GFS
Polaromonas_sp._VAR_34_metabat_99_GCA_031414215.1	GCA_031414215.1	PRJNA808857	SAMN29839931	Switzerland	GFS
Polaromonas_sp._VAR_35_metabat_51_GCA_031417695.1	GCA_031417695.1	PRJNA808857	SAMN29839989	Switzerland	GFS
Polaromonas_sp._VAR_35_metabat_389_GCA_031417995.1	GCA_031417995.1	PRJNA808857	SAMN29839973	Switzerland	GFS
Polaromonas_sp._VAR_45_metabat_307_GCA_031419775.1	GCA_031419775.1	PRJNA808857	SAMN29840265	Switzerland	GFS
Polaromonas_sp._VAR_48_metabat_346_GCA_031422575.1	GCA_031422575.1	PRJNA808857	SAMN29840332	Switzerland	GFS
Polaromonas_sp._VAR_69_metabat_82_GCA_031423655.1	GCA_031423655.1	PRJNA808857	SAMN29840491	Switzerland	GFS
Polaromonas_sp._VAR_69_concoct_353_sub_GCA_031424555.1	GCA_031424555.1	PRJNA808857	SAMN29840448	Switzerland	GFS
Polaromonas_sp._VAR_61_metabat_80_GCA_031424935.1	GCA_031424935.1	PRJNA808857	SAMN29840428	Switzerland	GFS
Polaromonas_sp._VAR_87_metabat_80_GCA_031427075.1	GCA_031427075.1	PRJNA808857	SAMN29840775	Switzerland	GFS
Polaromonas_sp._VAR_87_metabat_250_GCA_031427595.1	GCA_031427595.1	PRJNA808857	SAMN29840751	Switzerland	GFS
Polaromonas_sp._VAR_78_metabat_344_GCA_031431575.1	GCA_031431575.1	PRJNA808857	SAMN29840552	Switzerland	GFS
GFS_10061	GCA_043726595.1	PRJNA781406	SAMN39314820	Uganda	GFS
GFS_6717	GCA_043740935.1	PRJNA781406	SAMN39315692	Russia	GFS
GFS_8810	GCA_043765715.1	PRJNA781406	SAMN39315534	New Zealand	GFS
GFS_9371	GCA_043763445.1	PRJNA781406	SAMN39315564	New Zealand	GFS
GL115_UP_metabinner_4	GCA_043756405.1	PRJNA781406	SAMN39315428	Nepal	GFS
GL124_DN_metabat_88_sub	GCA_043754255.1	PRJNA781406	SAMN39315256	Kyrgyzstan	GFS
GL51_DN_concoct_96	GCA_043770515.1	PRJNA781406	SAMN39316179	Russia	GFS
GL53_Down_metabinner_31_sub	GCA_023347065.1	PRJNA781406	SAMN22036267	Russia	GFS
GL53_Up_metabat_123_sub	GCA_043719295.1	PRJNA781406	SAMN39314280	Russia	GFS
GL54_UP_metabat_59	GCA_043772005.1	PRJNA781406	SAMN39316219	Russia	GFS
GL72_UP_metabinner_127_sub	GCA_043756865.1	PRJNA781406	SAMN39315406	Ecuador	GFS
GL74_DN_metabinner_58	GCA_043771335.1	PRJNA781406	SAMN39316202	Ecuador	GFS
GL93_UP_metabat_6_sub	GCA_043767845.1	PRJNA781406	SAMN39315673	Norway	GFS
GL95_UP_metabat_47	GCA_025355565.1	PRJNA781406	SAMN30206012	Norway	GFS
GL99_UP_metabinner_20	GCA_043761585.1	PRJNA781406	SAMN39315900	France	GFS
GLR56_GL46_UP_1_metabat_13	GCA_043765155.1	PRJNA781406	SAMN39315553	Russia	GFS
GLR68_GL53_UP_2_metabat_54	GCA_043745355.1	PRJNA781406	SAMN39314018	Russia	GFS
Polaromonas_sp._CG9_12_GCA_000751355.1	GCA_000751355.1	PRJEB6335	SAMEA2591371	Antarctica	glacier
Polaromonas_sp._LF_bin_444_GCA_014376885.1	GCA_014376885.1	PRJNA552582	SAMN14819210	Greenland	glacier
Polaromonas_eurypsychrophila_CGMCC_1.15322_GCA_014641715.1	GCA_014641715.1	PRJDB10509	SAMD00245041	China	glacier
2021_BC_W20_bin.72.purify	NA	CRA011553	NA	China	glacier
ISO_B136_3	NA	PRJNA813429	NA	China	glacier
ISO_B141_3	NA	PRJNA813430	NA	China	glacier
ISO_B147_2	NA	PRJNA813431	NA	China	glacier
ISO_B224_1	NA	PRJNA813432	NA	China	glacier
ISO_B231_2	NA	PRJNA813433	NA	China	glacier
ISO_B231_3	NA	PRJNA813434	NA	China	glacier
ISO_B412_3	NA	PRJNA813435	NA	China	glacier
ISO_B44	NA	PRJNA813436	NA	China	glacier
ISO_B443_1	NA	PRJNA813437	NA	China	glacier
ISO_B468_1	NA	PRJNA813438	NA	China	glacier
ISO_B485_1.001	NA	PRJNA813439	NA	China	glacier
ISO_B485_2	NA	PRJNA813440	NA	China	glacier
ISO_B505_3	NA	PRJNA813441	NA	China	glacier
ISO_B518_3	NA	PRJNA813442	NA	China	glacier
ISO_B68_3	NA	PRJNA813443	NA	China	glacier
ISO_B98_3	NA	PRJNA813444	NA	China	glacier
ISO_DSP2_3_2.001	NA	PRJNA813445	NA	China	glacier
ISO_N1991_1_4	NA	PRJNA813446	NA	China	glacier
ISO_N1994_1_3	NA	PRJNA813447	NA	China	glacier
ISO_N1998_1_3	NA	PRJNA813448	NA	China	glacier
ISO_N1999_1_3	NA	PRJNA813449	NA	China	glacier
ISO_N1999_2_4	NA	PRJNA813450	NA	China	glacier
MAG_1811AZI1_metabat2_bin.43	NA	PRJNA813429	NA	China	glacier
MAG_1811AZI1_metabat2_bin.86	NA	PRJNA813430	NA	China	glacier
MAG_1811ZXGI1_metabat2_bin.10	NA	PRJNA813431	NA	China	glacier
MAG_190624KS2_metabat2_bin.31	NA	PRJNA813432	NA	China	glacier
MAG_190624KS2_metabat2_bin.60	NA	PRJNA813433	NA	China	glacier
MAG_1906TGLS_vamb_S1C9042	NA	PRJNA813434	NA	China	glacier
MAG_1907QMI2_metabat2_bin.27	NA	PRJNA813435	NA	China	glacier
MAG_1907QMS_metabat2_bin.29	NA	PRJNA813436	NA	China	glacier
MAG_1908TGLS3_metabat2_bin.36	NA	PRJNA813437	NA	China	glacier
MAG_KQGRSC.20.08_vamb_bins_S1C4378	NA	PRJNA813438	NA	China	glacier
MAG_RWS.20.06_metabat2_bin.39	NA	PRJNA813439	NA	China	glacier
Polaromonas_glacialis_R3_9_GCA_000709345.1	GCA_000709345.1	PRJNA244948	SAMN02730072	Norway	glacier sediment
Polaromonas_sp._Bin2_6_GCA_010365105.1	GCA_010365105.1	PRJNA573403	SAMN12810504	Antarctica	glacier sediment
Polaromonas_sp._RGN.2_GCA_012927415.1	GCA_012927415.1	PRJNA622799	SAMN14614524	Canada	glacier sediment
Polaromonas_sp._RGN.1_GCA_012927455.1	GCA_012927455.1	PRJNA622799	SAMN14614523	Canada	glacier sediment
Polaromonas_sp._KJH.2_GCA_012927485.1	GCA_012927485.1	PRJNA622799	SAMN14614521	Iceland	glacier sediment
Polaromonas_sp._CG_9.7_GCA_015752205.1	GCA_015752205.1	PRJNA677174	SAMN16784377	Antarctica	glacier sediment
Polaromonas_sp._CG_9.11_GCA_015752225.1	GCA_015752225.1	PRJNA677172	SAMN16784365	Antarctica	glacier sediment
Polaromonas_sp._CAN_BIN17_GCA_026786065.1	GCA_026786065.1	PRJNA764737	SAMN22183900	Antarctica	glacier sediment
Polaromonas_sp._CG_23.6_GCA_029892315.1	GCA_029892315.1	PRJNA651892	SAMN15738716	Antarctica	glacier sediment
Polaromonas_sp._CG_9.5_GCA_035984465.1	GCA_035984465.1	PRJNA1008761	SAMN37145089	Antarctica	glacier sediment
Polaromonas_sp._NC_groundwater_594_Pr5_B_0.1um_59_23_GCA_016185115.1	GCA_016185115.1	PRJNA640378	SAMN15435090	United States of America	groundwater
Polaromonas_sp._MAG_29_GCA_018780625.1	GCA_018780625.1	PRJNA633367	SAMN16635728	Germany	groundwater
Polaromonas_sp._nzgw554_GCA_023259235.1	GCA_023259235.1	PRJNA699054	SAMN19017547	New Zealand	groundwater
Polaromonas_sp._E19_concoct.bin.163_sub_GCA_030645205.1	GCA_030645205.1	PRJNA700657	SAMN36304339	Canada	groundwater
Polaromonas_sp._E19_concoct.bin.13_sub_GCA_030646735.1	GCA_030646735.1	PRJNA700657	SAMN36304332	Canada	groundwater
Polaromonas_sp._E14_maxbin.029_GCA_030650875.1	GCA_030650875.1	PRJNA700657	SAMN36304127	Canada	groundwater
Polaromonas_sp._E6_concoct.bin.119_GCA_030653575.1	GCA_030653575.1	PRJNA700657	SAMN36304490	Canada	groundwater
Polaromonas_sp._E10_concoct.bin.55_GCA_030654695.1	GCA_030654695.1	PRJNA700657	SAMN36304068	Canada	groundwater
Polaromonas_sp._E1_maxbin.018_sub_GCA_030655375.1	GCA_030655375.1	PRJNA700657	SAMN36304035	Canada	groundwater
Polaromonas_sp._E1_concoct.bin.27_sub_GCA_030655465.1	GCA_030655465.1	PRJNA700657	SAMN36304029	Canada	groundwater
Polaromonas_sp._E1_concoct.bin.12_GCA_030655515.1	GCA_030655515.1	PRJNA700657	SAMN36304026	Canada	groundwater
Polaromonas_sp._C13_concoct.bin.116_GCA_030679725.1	GCA_030679725.1	PRJNA700657	SAMN36729513	Canada	groundwater
Polaromonas_sp._C15_concoct.bin.134_GCA_030680935.1	GCA_030680935.1	PRJNA700657	SAMN36729558	Canada	groundwater
Polaromonas_sp._C1_concoct.bin.30_sub_GCA_030682935.1	GCA_030682935.1	PRJNA700657	SAMN36729366	Canada	groundwater
Polaromonas_sp._C12_concoct.bin.8_GCA_030683285.1	GCA_030683285.1	PRJNA700657	SAMN36729460	Canada	groundwater
Polaromonas_sp._C12_concoct.bin.109_sub_GCA_030683705.1	GCA_030683705.1	PRJNA700657	SAMN36729433	Canada	groundwater
Polaromonas_sp._C17_maxbin.022_GCA_030684785.1	GCA_030684785.1	PRJNA700657	SAMN36729642	Canada	groundwater
Polaromonas_sp._C21_concoct.bin.69_GCA_030689685.1	GCA_030689685.1	PRJNA700657	SAMN36729828	Canada	groundwater
Polaromonas_sp._C18_concoct.bin.138_GCA_030694565.1	GCA_030694565.1	PRJNA700657	SAMN36729650	Canada	groundwater
Polaromonas_sp._C5_concoct.bin.153_GCA_030697125.1	GCA_030697125.1	PRJNA700657	SAMN36730134	Canada	groundwater
Polaromonas_sp._C4_concoct.bin.81_GCA_030698005.1	GCA_030698005.1	PRJNA700657	SAMN36730067	Canada	groundwater
Polaromonas_sp._C4_concoct.bin.74_GCA_030698065.1	GCA_030698065.1	PRJNA700657	SAMN36730066	Canada	groundwater
Polaromonas_sp._MAG_75_GCA_031426775.1	GCA_031426775.1	PRJNA962518	SAMN35042114	Germany	groundwater
ice_MAG_1	NA	NA	NA	China	ice_core
ice_MAG_100	NA	NA	NA	China	ice_core
ice_MAG_119	NA	NA	NA	China	ice_core
ice_MAG_121	NA	NA	NA	China	ice_core
ice_MAG_15	NA	NA	NA	China	ice_core
ice_MAG_153	NA	NA	NA	China	ice_core
ice_MAG_154	NA	NA	NA	China	ice_core
ice_MAG_197	NA	NA	NA	China	ice_core
ice_MAG_2	NA	NA	NA	China	ice_core
ice_MAG_20	NA	NA	NA	China	ice_core
ice_MAG_200	NA	NA	NA	China	ice_core
ice_MAG_206	NA	NA	NA	China	ice_core
ice_MAG_25	NA	NA	NA	China	ice_core
ice_MAG_28	NA	NA	NA	China	ice_core
ice_MAG_29	NA	NA	NA	China	ice_core
ice_MAG_30	NA	NA	NA	China	ice_core
ice_MAG_33	NA	NA	NA	China	ice_core
ice_MAG_37	NA	NA	NA	China	ice_core
ice_MAG_50	NA	NA	NA	China	ice_core
ice_MAG_51	NA	NA	NA	China	ice_core
ice_MAG_62	NA	NA	NA	China	ice_core
ice_MAG_76	NA	NA	NA	China	ice_core
ice_MAG_79	NA	NA	NA	China	ice_core
ice_MAG_83	NA	NA	NA	China	ice_core
ice_MAG_89	NA	NA	NA	China	ice_core
ice_MAG_94	NA	NA	NA	China	ice_core
Polaromonas_sp._LacPavin_0920_WC12_MAG_62_10_GCA_026400075.1	GCA_026400075.1	PRJNA852163	SAMN30026379	France	lakewater
Polaromonas_sp._SM01_GCA_033446725.1	GCA_033446725.1	PRJNA1033432	SAMN38033633	Antarctica	lakewater
Polaromonas_sp._Sample_102_S76_bin_189_GCA_040381515.1	GCA_040381515.1	PRJNA1021391	SAMN37556149	Sweden	lakewater
Polaromonas_sp._EUL_170_GCA_040400775.1	GCA_040400775.1	PRJNA1052970	SAMN40135894	Spain	lakewater
Polaromonas_sp._EUL_168_GCA_040400815.1	GCA_040400815.1	PRJNA1052970	SAMN40135892	Spain	lakewater
Polaromonas_sp._EUL_162_GCA_040400935.1	GCA_040400935.1	PRJNA1052970	SAMN40135886	Spain	lakewater
Polaromonas_sp._EUL_161_GCA_040400945.1	GCA_040400945.1	PRJNA1052970	SAMN40135885	Spain	lakewater
Polaromonas_sp._concoct.226.WLB_GCA_041689105.1	GCA_041689105.1	PRJNA1044158	SAMN38376530	Antarctica	lakewater
Polaromonas_sp._ME2015_05_19_3300034121_group6_bin52_GCA_044349845.1	GCA_044349845.1	PRJNA1158976	SAMN43898875	United States of America	lakewater
Polaromonas_sp._ME2017_06_07_3300042514_group7_bin120_GCA_044350025.1	GCA_044350025.1	PRJNA1158976	SAMN43899510	United States of America	lakewater
Polaromonas_sp._ME2016_07_29_3300044622_group7_bin1_GCA_044352025.1	GCA_044352025.1	PRJNA1158976	SAMN43899401	United States of America	lakewater
Polaromonas_sp._ME2016_07_20_3300033996_group7_bin88_GCA_044352515.1	GCA_044352515.1	PRJNA1158976	SAMN43899376	United States of America	lakewater
Polaromonas_sp._ME2016_05_06_3300042878_group7_bin259_GCA_044354315.1	GCA_044354315.1	PRJNA1158976	SAMN43899280	United States of America	lakewater
Polaromonas_sp._ME2015_10_15_3300034096_group6_bin145_GCA_044355135.1	GCA_044355135.1	PRJNA1158976	SAMN43899235	United States of America	lakewater
Polaromonas_sp._ME2015_05_09_3300035438_group6_bin58_GCA_044357185.1	GCA_044357185.1	PRJNA1158976	SAMN43898870	United States of America	lakewater
Polaromonas_sp._ME2014_05_28_3300035212_group5_bin114_GCA_044362035.1	GCA_044362035.1	PRJNA1158976	SAMN43898623	United States of America	lakewater
Polaromonas_sp._ME2018_11_08GD_3300042901_group8_bin35_GCA_044378095.1	GCA_044378095.1	PRJNA1158976	SAMN43900748	United States of America	lakewater
Polaromonas_sp._YR568_JJ_MEM5D2_223_4_m1_bin343_GCA_943371715.1	GCA_943371715.1	PRJEB49198	SAMEA14447338	Czechia	lakewater
Polaromonas_sp._YR568_JJ_ME644_99_2_m1_bin335_GCA_943371765.1	GCA_943371765.1	PRJEB49198	SAMEA14447313	Czechia	lakewater
Polaromonas_sp._YR568_JJ_MO2C4_301_2_mx_bin692_GCA_943372955.1	GCA_943372955.1	PRJEB49198	SAMEA14447389	Czechia	lakewater
Polaromonas_sp._YR568_GCA_945860515.1	GCA_945860515.1	PRJEB35640	SAMEA110379546	Italy	lakewater
Polaromonas_sp._YR568_GCA_945867705.1	GCA_945867705.1	PRJEB35640	SAMEA110379880	Czechia	lakewater
Polaromonas_sp._YR568_GCA_945871335.1	GCA_945871335.1	PRJEB35640	SAMEA110379980	Czechia	lakewater
Polaromonas_sp._YR568_GCA_945878265.1	GCA_945878265.1	PRJEB35640	SAMEA110380445	Austria	lakewater
Polaromonas_sp._YR568_GCA_945878995.1	GCA_945878995.1	PRJEB35640	SAMEA110380200	Czechia	lakewater
Polaromonas_sp._YR568_GCA_945881975.1	GCA_945881975.1	PRJEB35640	SAMEA110379737	Czechia	lakewater
Polaromonas_sp._YR568_GCA_945896805.1	GCA_945896805.1	PRJEB35640	SAMEA110380358	Switzerland	lakewater
Polaromonas_sp._YR568_GCA_945907175.1	GCA_945907175.1	PRJEB35640	SAMEA110380554	Switzerland	lakewater
Polaromonas_sp._ME_04may21_LR_166_GCA_964203505.1	GCA_964203505.1	PRJEB35640	SAMEA115861875	Czechia	lakewater
2020_CN_B_W_1_bin.182.purify	NA	CRA011516	NA	China	lakewater
2020_CN_B_W_2_bin.211.purify	NA	CRA011517	NA	China	lakewater
2020_CN_D_w_1_bin.87.purify	NA	CRA011518	NA	China	lakewater
2020_CN_DB_w_1_bin.76.purify	NA	CRA011519	NA	China	lakewater
2020_CN_N_W_1_bin.10.purify	NA	CRA011520	NA	China	lakewater
2020_CN_N_W_2_0m_bin.145.purify	NA	CRA011521	NA	China	lakewater
2020_CRC_20W_1_0m_1_bin.141.purify	NA	CRA011522	NA	China	lakewater
2020_CRC_20W_1_5m_1_bin.1.purify	NA	CRA011523	NA	China	lakewater
2020_JNYC_20W_1_0m_1_bin.3.purify	NA	CRA011528	NA	China	lakewater
2020_JNYC_20W_1_100m_1_bin.31.purify	NA	CRA011529	NA	China	lakewater
2020_JNYC_20W_1_20m_1_bin.156.purify	NA	CRA011530	NA	China	lakewater
2020_JNYC_20W_1_20m_1_bin.170.purify	NA	CRA011531	NA	China	lakewater
2020_JNYC_20W_1_40m_1_bin.103.purify	NA	CRA011532	NA	China	lakewater
2020_JNYC_20W_1_40m_1_bin.67.purify	NA	CRA011533	NA	China	lakewater
2020_JNYC_20W_1_60m_1_bin.131.purify	NA	CRA011534	NA	China	lakewater
2020_JNYC_20W_1_60m_1_bin.91.purify	NA	CRA011535	NA	China	lakewater
2020_JNYC_20W_1_80m_1_bin.130.purify	NA	CRA011536	NA	China	lakewater
2020_JNYC_20W_2_1_bin.98.purify	NA	CRA011537	NA	China	lakewater
2020_KMC_20W_1_10m_1_bin.19.purify	NA	CRA011538	NA	China	lakewater
2020_SLC_w_7_bin.196.purify	NA	CRA011539	NA	China	lakewater
Polaromonas_naphthalenivorans_CJ2_GCA_000015505.1	GCA_000015505.1	PRJNA13418	SAMN02598302	United States of America	mine drainage
Polaromonas_vacuolata_KCTC_22033_GCA_012584515.1	GCA_012584515.1	PRJNA616174	SAMN14483341	Antarctica	NA
Polaromonas_aquatica_CCUG_39402_GCA_042659145.1	GCA_042659145.1	PRJNA595761	SAMN43284216	Sweden	NA
icacos_2019_sw_WHONDRS_S19S_0094_B_bin.144	GCA_039800305.1	PRJNA946291	SAMN37153369	Puerto Rico	River
river_bin_metabat_1556	GCA_965184215.1	PRJEB85861	SAMEA117784269	United Kingdom	River
river_bin_metabat_1523	GCA_965184385.1	PRJEB85861	SAMEA117784267	United Kingdom	River
river_metabat_ad.2212	GCA_965186565.1	PRJEB85861	SAMEA117784620	United Kingdom	River
river_metabat_ad.481	GCA_965187125.1	PRJEB85861	SAMEA117784763	United Kingdom	River
river_metabinner_orig_365	GCA_965187185.1	PRJEB85861	SAMEA117784746	United Kingdom	River
river_metabat_ad.3037	GCA_965188745.1	PRJEB85861	SAMEA117784700	United Kingdom	River
river_metabat_ad.2894	GCA_965190045.1	PRJEB85861	SAMEA117784682	United Kingdom	River
2019_bqzb_2_bin.20.purify	NA	CRA011511	NA	China	River
2019_zjzb_5_bin.27.purify	NA	CRA011512	NA	China	River
2020_CJH_W1_bin.104.purify	NA	CRA011515	NA	China	River
2020_HH3_W1_bin.44.purify	NA	CRA011526	NA	China	River
2020_SQ_W_1_bin.87.purify	NA	CRA011540	NA	China	River
2020_TLH1_W1_bin.58.purify	NA	CRA011541	NA	China	River
2021_CMY_W3_bin.57.purify	NA	CRA011557	NA	China	River
2021_ZJZB_W3_bin.50.purify	NA	CRA011569	NA	China	River
2021_ZJZB_W4_bin.54.purify	NA	CRA011570	NA	China	River
Polaromonas_sp._bin.87_GCA_013205645.1	GCA_013205645.1	PRJNA616293	SAMN14944483	Canada	Saline lake
2020_YZYC_20W_1_10m_1_bin.149.purify	NA	CRA011545	NA	China	Saline lake
2020_YZYC_20W_1_15m_1_bin.106.purify	NA	CRA011546	NA	China	Saline lake
2020_YZYC_20W_1_20m_1_bin.94.purify	NA	CRA011547	NA	China	Saline lake
2020_YZYC_20W_1_25m_1_bin.128.purify	NA	CRA011548	NA	China	Saline lake
2020_YZYC_20W_1_5m_1_bin.31.purify	NA	CRA011549	NA	China	Saline lake
Polaromonas_sp._CF318_GCA_000282655.1	GCA_000282655.1	PRJNA83059	SAMN00839626	United States of America	soil
Polaromonas_sp._A23_GCA_002001015.1	GCA_002001015.1	PRJNA369603	SAMN06289802	Norway	soil
Polaromonas_sp._UBA4122_UBA4122_GCA_002381615.1	GCA_002381615.1	PRJNA348753	SAMN06453216	Canada	soil
Polaromonas_sp._UBA5171_UBA5171_GCA_002413395.1	GCA_002413395.1	PRJNA348753	SAMN06451875	Canada	soil
Polaromonas_sp._UBA10861_GCA_003454315.1	GCA_003454315.1	PRJNA417962	SAMN08017834	Canada	soil
Polaromonas_sp._MGR_bin325_GCA_013817205.1	GCA_013817205.1	PRJNA630822	SAMN15052216	Antarctica	soil
Polaromonas_sp._b69_HoplandSoilSeptJan_GCA_021153985.1	GCA_021153985.1	PRJNA517182	SAMN10827375	United States of America	soil
Polaromonas_sp._P1_28__13_GCA_024703815.1	GCA_024703815.1	PRJNA329489	SAMN23078433	Russia	soil
Polaromonas_sp._P1_28__8_GCA_024703835.1	GCA_024703835.1	PRJNA329489	SAMN23078434	Russia	soil
Polaromonas_sp._P2_4_GCA_024703855.1	GCA_024703855.1	PRJNA329489	SAMN23078435	Russia	soil
Polaromonas_sp._P1_6_GCA_024703875.1	GCA_024703875.1	PRJNA329489	SAMN23078436	Russia	soil
Polaromonas_sp._RYN_586_GCA_028291865.1	GCA_028291865.1	PRJNA682830	SAMN17837674	United States of America	soil
Polaromonas_sp._RYN_585_GCA_028291905.1	GCA_028291905.1	PRJNA682830	SAMN17837673	United States of America	soil
Polaromonas_sp._RYN_579_GCA_028291985.1	GCA_028291985.1	PRJNA682830	SAMN17837667	United States of America	soil
Polaromonas_sp._RYN_574_GCA_028292045.1	GCA_028292045.1	PRJNA682830	SAMN17837662	United States of America	soil
Polaromonas_sp._RYN_562_GCA_028292345.1	GCA_028292345.1	PRJNA682830	SAMN17837650	United States of America	soil
Polaromonas_sp._RYN_542_GCA_028292745.1	GCA_028292745.1	PRJNA682830	SAMN17837630	United States of America	soil
Polaromonas_sp._SMAG_U11085_GCA_035638815.1	GCA_035638815.1	PRJNA983538	SAMN37946562	Peru	soil
Polaromonas_sp._SMAG_U4641_GCA_036506595.1	GCA_036506595.1	PRJNA983538	SAMN37957922	United States of America	soil
Polaromonas_sp._LC071_GCA_036675725.1	GCA_036675725.1	PRJNA767176	SAMN21891917	China	soil
Polaromonas_sp._LC052_GCA_036676035.1	GCA_036676035.1	PRJNA767176	SAMN21891898	China	soil
Polaromonas_sp._cluster1_bin.8_GCA_039925285.1	GCA_039925285.1	PRJNA746701	SAMN37818950	Antarctica	soil
Polaromonas_sp._cluster3_bin.291_GCA_039930745.1	GCA_039930745.1	PRJNA746701	SAMN38393029	Antarctica	soil
Polaromonas_sp._cluster3_bin.188_GCA_039932935.1	GCA_039932935.1	PRJNA746701	SAMN38392915	Antarctica	soil
Polaromonas_sp._cluster4_bin.192_GCA_040004635.1	GCA_040004635.1	PRJNA746701	SAMN38393219	Antarctica	soil
Polaromonas_hydrogenivorans_DSM_17735_GCA_040105105.1	GCA_040105105.1	PRJNA1118259	SAMN41603084	United States of America	soil
Polaromonas_sp._UC242_47_UC242_47_GCA_044452385.1	GCA_044452385.1	PRJNA1090919	SAMN43526786	United States of America	soil
Polaromonas_sp._OV174_GCA_900112285.1	GCA_900112285.1	PRJEB17170	SAMN05216344	United Stats	soil
Polaromonas_sp._YR568_GCA_900116715.1	GCA_900116715.1	PRJEB17593	SAMN05216350	United States of America	soil
uncultured_Polaromonas_sp._GCA_946479075.1	GCA_946479075.1	PRJEB55045	SAMEA110698795	United Kingdom	soil
Polaromonas_jejuensis_NBRC_106434_ena_yuan_GCF_001598235.1_GCA_963869285.1	GCA_963869285.1	PRJEB71012	SAMEA115017303	Korea	soil
2020_CESD_W_2_bin.137.purify	NA	CRA011513	NA	China	Wetland
2020_CESD_W_2_bin.155.purify	NA	CRA011514	NA	China	Wetland
2020_DQZB_w2_bin.26.purify	NA	CRA011524	NA	China	Wetland
2020_DQZB_w6_bin.142.purify	NA	CRA011525	NA	China	Wetland
2020_HHSD3_W1_bin.46.purify	NA	CRA011527	NA	China	Wetland
2020_TLSD3_W1_bin.4.purify	NA	CRA011542	NA	China	Wetland
2020_YBJSD_W_1_bin.84.purify	NA	CRA011543	NA	China	Wetland
2020_YBJSD_W_2_bin.50.purify	NA	CRA011544	NA	China	Wetland
2020_ZJZBSD_01_1_bin.11.purify	NA	CRA011550	NA	China	Wetland
2020_ZJZBSD_04_1_bin.130.purify	NA	CRA011551	NA	China	Wetland
2020_ZJZBSD_04_3_bin.62.purify	NA	CRA011552	NA	China	Wetland
2021_BQZBSD_W1+_bin.51.purify	NA	CRA011554	NA	China	Wetland
2021_CBL_W2_bin.78.purify	NA	CRA011555	NA	China	Wetland
2021_CBL_W3_bin.9.purify	NA	CRA011556	NA	China	Wetland
2021_SD_W41_bin.130.purify	NA	CRA011558	NA	China	Wetland
2021_SD_W41_bin.52.purify	NA	CRA011559	NA	China	Wetland
2021_SD_W42_bin.54.purify	NA	CRA011560	NA	China	Wetland
2021_SD_W43_bin.42.purify	NA	CRA011561	NA	China	Wetland
2021_SD_W62_bin.48.purify	NA	CRA011562	NA	China	Wetland
2021_SD_W63_bin.39.purify	NA	CRA011563	NA	China	Wetland
2021_SD_W73_bin.75.purify	NA	CRA011564	NA	China	Wetland
2021_SLHSD_W2_bin.84.purify	NA	CRA011565	NA	China	Wetland
2021_SLHSD_W5_bin.73.purify	NA	CRA011566	NA	China	Wetland
2021_TMRSD_W4_bin.73.purify	NA	CRA011567	NA	China	Wetland
2021_ZJZB_W23_bin.48.purify	NA	CRA011568	NA	China	Wetland
2021_ZJZBSD_W51_bin.95.purify	NA	CRA011571	NA	China	Wetland
